<?xml version="1.0" encoding="UTF-8"?>
<metadata xml:lang="en"><Esri><CreaDate>20170504</CreaDate><CreaTime>11265900</CreaTime><ArcGISFormat>1.0</ArcGISFormat><SyncOnce>TRUE</SyncOnce><DataProperties><lineage><Process ToolSource="c:\program files (x86)\arcgis\desktop10.4\ArcToolbox\Toolboxes\Data Management Tools.tbx\CalculateField" Date="20170504" Time="112116">CalculateField NSW_Singlebeam_Coverage_EDITED_for_AODN SDATE 20141120 VB #</Process><Process ToolSource="c:\program files (x86)\arcgis\desktop10.4\ArcToolbox\Toolboxes\Data Management Tools.tbx\CalculateField" Date="20170504" Time="112226">CalculateField NSW_Singlebeam_Coverage_EDITED_for_AODN Location "BengelloBeachBatemans" VB #</Process><Process ToolSource="c:\program files (x86)\arcgis\desktop10.4\ArcToolbox\Toolboxes\Data Management Tools.tbx\CalculateField" Date="20170504" Time="112344">CalculateField NSW_Singlebeam_Coverage_EDITED_for_AODN SDATE 20120921 VB #</Process><Process ToolSource="c:\program files (x86)\arcgis\desktop10.4\ArcToolbox\Toolboxes\Data Management Tools.tbx\CalculateField" Date="20170504" Time="112356">CalculateField NSW_Singlebeam_Coverage_EDITED_for_AODN Location "TweedRiver" VB #</Process><Process ToolSource="c:\program files (x86)\arcgis\desktop10.4\ArcToolbox\Toolboxes\Data Management Tools.tbx\CalculateField" Date="20170504" Time="112434">CalculateField NSW_Singlebeam_Coverage_EDITED_for_AODN Location "KingscliffBeach" VB #</Process><Process ToolSource="c:\program files (x86)\arcgis\desktop10.4\ArcToolbox\Toolboxes\Data Management Tools.tbx\CalculateField" Date="20170504" Time="112441">CalculateField NSW_Singlebeam_Coverage_EDITED_for_AODN SDATE 20111125 VB #</Process></lineage></DataProperties></Esri></metadata>
