<?xml version="1.0" encoding="UTF-8"?>
<metadata xml:lang="en"><Esri><CreaDate>20140731</CreaDate><CreaTime>16284400</CreaTime><ArcGISFormat>1.0</ArcGISFormat><ArcGISstyle>ISO 19139 Metadata Implementation Specification</ArcGISstyle><SyncOnce>TRUE</SyncOnce><DataProperties><lineage><Process ToolSource="C:\Program Files (x86)\ET SpatialTechniques\ET GeoWizards 10.2 Concurrent for ArcGIS 10.1\ET GeoWizards.tbx\ET_GPPointsToPolygons" Date="20140731" Time="162844">ET_GPPointsToPolygons M:\themes\marine\CMU\CMU_FinalData\XYZ\SingleBeam\CoastalSurveys\000_KingscliffBeach2011\KingscliffBeach2011_pts.shp M:\themes\marine\CMU\CMU_FinalData\XYZ\SingleBeam\CoastalSurveys\000_KingscliffBeach2011\KingscliffBeach2011.shp Z # # #</Process><Process ToolSource="c:\program files (x86)\arcgis\desktop10.1\ArcToolbox\Toolboxes\Data Management Tools.tbx\AddField" Date="20140731" Time="162846">AddField M:\themes\marine\CMU\CMU_FinalData\XYZ\SingleBeam\CoastalSurveys\000_KingscliffBeach2011\KingscliffBeach2011.shp Source_xyz TEXT # # # # NULLABLE NON_REQUIRED #</Process><Process ToolSource="c:\program files (x86)\arcgis\desktop10.1\ArcToolbox\Toolboxes\Data Management Tools.tbx\CalculateField" Date="20140731" Time="162847">CalculateField M:\themes\marine\CMU\CMU_FinalData\XYZ\SingleBeam\CoastalSurveys\000_KingscliffBeach2011\KingscliffBeach2011.shp Source_xyz 'KingscliffBeach2011_AHD_MGA.shp' PYTHON_9.3 #</Process><Process ToolSource="c:\program files (x86)\arcgis\desktop10.1\ArcToolbox\Toolboxes\Data Management Tools.tbx\AddField" Date="20140731" Time="162848">AddField M:\themes\marine\CMU\CMU_FinalData\XYZ\SingleBeam\CoastalSurveys\000_KingscliffBeach2011\KingscliffBeach2011.shp SourcePath TEXT # # 93 # NULLABLE NON_REQUIRED #</Process><Process ToolSource="c:\program files (x86)\arcgis\desktop10.1\ArcToolbox\Toolboxes\Data Management Tools.tbx\CalculateField" Date="20140731" Time="162848">CalculateField M:\themes\marine\CMU\CMU_FinalData\XYZ\SingleBeam\CoastalSurveys\000_KingscliffBeach2011\KingscliffBeach2011.shp SourcePath "M:\themes\marine\CMU\CMU_FinalData\XYZ\SingleBeam\CoastalSurveys\000_KingscliffBeach2011" VB #</Process></lineage></DataProperties></Esri></metadata>
