<?xml version="1.0" encoding="UTF-8"?>
<metadata xml:lang="en"><Esri><CreaDate>20170629</CreaDate><CreaTime>15020800</CreaTime><ArcGISFormat>1.0</ArcGISFormat><SyncOnce>TRUE</SyncOnce><DataProperties><lineage><Process ToolSource="c:\program files (x86)\arcgis\desktop10.4\ArcToolbox\Toolboxes\Data Management Tools.tbx\CalculateField" Date="20170530" Time="151917">CalculateField NSW_Singlebeam_Coverage_EDITED_for_AODN SDate 19791212 VB #</Process><Process ToolSource="c:\program files (x86)\arcgis\desktop10.4\ArcToolbox\Toolboxes\Data Management Tools.tbx\CalculateField" Date="20170530" Time="151932">CalculateField NSW_Singlebeam_Coverage_EDITED_for_AODN Source "NSWOEH_19791212_MoruyaBeach_STAX" VB #</Process><Process ToolSource="c:\program files (x86)\arcgis\desktop10.4\ArcToolbox\Toolboxes\Data Management Tools.tbx\CalculateField" Date="20170530" Time="162752">CalculateField NSW_Singlebeam_Coverage_EDITED_for_AODN SDate 20080101 VB #</Process><Process ToolSource="c:\program files (x86)\arcgis\desktop10.4\ArcToolbox\Toolboxes\Data Management Tools.tbx\CalculateField" Date="20170530" Time="162819">CalculateField NSW_Singlebeam_Coverage_EDITED_for_AODN Source "NSWOEH_20080101_SydneyOffshore_STAX" VB #</Process><Process ToolSource="c:\program files (x86)\arcgis\desktop10.4\ArcToolbox\Toolboxes\Data Management Tools.tbx\CalculateField" Date="20170530" Time="162958">CalculateField NSW_Singlebeam_Coverage_EDITED_for_AODN Source "NSWOEH_19940523_WoodyHeadIluka_STAX" VB #</Process><Process ToolSource="c:\program files (x86)\arcgis\desktop10.4\ArcToolbox\Toolboxes\Data Management Tools.tbx\CalculateField" Date="20170530" Time="163011">CalculateField NSW_Singlebeam_Coverage_EDITED_for_AODN SDate 19940523 VB #</Process><Process ToolSource="c:\program files (x86)\arcgis\desktop10.4\ArcToolbox\Toolboxes\Data Management Tools.tbx\CalculateField" Date="20170530" Time="163316">CalculateField NSW_Singlebeam_Coverage_EDITED_for_AODN Source "NSWOEH_19910101_MollymookOffshore_STAX" VB #</Process><Process ToolSource="c:\program files (x86)\arcgis\desktop10.4\ArcToolbox\Toolboxes\Data Management Tools.tbx\CalculateField" Date="20170530" Time="163327">CalculateField NSW_Singlebeam_Coverage_EDITED_for_AODN SDate 19910101 VB #</Process><Process ToolSource="c:\program files (x86)\arcgis\desktop10.4\ArcToolbox\Toolboxes\Data Management Tools.tbx\CalculateField" Date="20170530" Time="163734">CalculateField NSW_Singlebeam_Coverage_EDITED_for_AODN Source "NSWOEH_19911001_PortMacquarieOffshore_STAX" VB #</Process><Process ToolSource="c:\program files (x86)\arcgis\desktop10.4\ArcToolbox\Toolboxes\Data Management Tools.tbx\CalculateField" Date="20170530" Time="163744">CalculateField NSW_Singlebeam_Coverage_EDITED_for_AODN SDate 19911001 VB #</Process><Process ToolSource="c:\program files (x86)\arcgis\desktop10.4\ArcToolbox\Toolboxes\Data Management Tools.tbx\CalculateField" Date="20170531" Time="120845">CalculateField NSW_Singlebeam_Coverage_EDITED_for_AODN SDate 19950712 VB #</Process><Process ToolSource="c:\program files (x86)\arcgis\desktop10.4\ArcToolbox\Toolboxes\Data Management Tools.tbx\CalculateField" Date="20170531" Time="120933">CalculateField NSW_Singlebeam_Coverage_EDITED_for_AODN Source "NSWOEH_19950712_StocktonBeach_STAX" VB #</Process><Process ToolSource="c:\program files (x86)\arcgis\desktop10.4\ArcToolbox\Toolboxes\Data Management Tools.tbx\CalculateField" Date="20170531" Time="121930">CalculateField NSW_Singlebeam_Coverage_EDITED_for_AODN Source "NSWOEH_19950907_AngouriePointYamba_STAX" VB #</Process><Process ToolSource="c:\program files (x86)\arcgis\desktop10.4\ArcToolbox\Toolboxes\Data Management Tools.tbx\CalculateField" Date="20170531" Time="121950">CalculateField NSW_Singlebeam_Coverage_EDITED_for_AODN SDate 19950907 VB #</Process><Process ToolSource="c:\program files (x86)\arcgis\desktop10.4\ArcToolbox\Toolboxes\Data Management Tools.tbx\CalculateField" Date="20170531" Time="122319">CalculateField NSW_Singlebeam_Coverage_EDITED_for_AODN Source "NSWOEH_20111125_KingscliffBeach_STAX" VB #</Process><Process ToolSource="c:\program files (x86)\arcgis\desktop10.4\ArcToolbox\Toolboxes\Data Management Tools.tbx\CalculateField" Date="20170531" Time="123018">CalculateField NSW_Singlebeam_Coverage_EDITED_for_AODN Source "NSWOEH_20120921_TweedRiver_STAX" VB #</Process><Process ToolSource="c:\program files (x86)\arcgis\desktop10.4\ArcToolbox\Toolboxes\Data Management Tools.tbx\CalculateField" Date="20170531" Time="123204">CalculateField NSW_Singlebeam_Coverage_EDITED_for_AODN Source "NSWOEH_20141120_BengelloBeachBatemans_STAX" VB #</Process><Process ToolSource="c:\program files (x86)\arcgis\desktop10.4\ArcToolbox\Toolboxes\Data Management Tools.tbx\CalculateField" Date="20170531" Time="123916">CalculateField NSW_Singlebeam_Coverage_EDITED_for_AODN SDate 19960101 VB #</Process><Process ToolSource="c:\program files (x86)\arcgis\desktop10.4\ArcToolbox\Toolboxes\Data Management Tools.tbx\CalculateField" Date="20170531" Time="123937">CalculateField NSW_Singlebeam_Coverage_EDITED_for_AODN Source "NSWOEH_19960101_WyongCentralCoast_STAX" VB #</Process><Process ToolSource="c:\program files (x86)\arcgis\desktop10.4\ArcToolbox\Toolboxes\Data Management Tools.tbx\CalculateField" Date="20170531" Time="124016">CalculateField NSW_Singlebeam_Coverage_EDITED_for_AODN COMMENTS "sampling between 1986 &amp; 1996 " VB #</Process><Process ToolSource="c:\program files (x86)\arcgis\desktop10.4\ArcToolbox\Toolboxes\Data Management Tools.tbx\CalculateField" Date="20170531" Time="124036">CalculateField NSW_Singlebeam_Coverage_EDITED_for_AODN COMMENTS "sampling from 1986 to 1996 " VB #</Process><Process ToolSource="c:\program files (x86)\arcgis\desktop10.4\ArcToolbox\Toolboxes\Data Management Tools.tbx\CalculateField" Date="20170531" Time="125126">CalculateField NSW_Singlebeam_Coverage_EDITED_for_AODN Source "NSWOEH_20111101_SawtellBoambeeBeaches_STAX" VB #</Process><Process ToolSource="c:\program files (x86)\arcgis\desktop10.4\ArcToolbox\Toolboxes\Data Management Tools.tbx\CalculateField" Date="20170531" Time="125133">CalculateField NSW_Singlebeam_Coverage_EDITED_for_AODN SDate 20111101 VB #</Process><Process ToolSource="c:\program files (x86)\arcgis\desktop10.4\ArcToolbox\Toolboxes\Data Management Tools.tbx\CalculateField" Date="20170531" Time="133734">CalculateField NSW_Singlebeam_Coverage_EDITED_for_AODN Source "NSWOEH_19970627_EvansRiverOffshore_STAX" VB #</Process><Process ToolSource="c:\program files (x86)\arcgis\desktop10.4\ArcToolbox\Toolboxes\Data Management Tools.tbx\CalculateField" Date="20170531" Time="133745">CalculateField NSW_Singlebeam_Coverage_EDITED_for_AODN SDate 19970627 VB #</Process><Process ToolSource="c:\program files (x86)\arcgis\desktop10.4\ArcToolbox\Toolboxes\Data Management Tools.tbx\CalculateField" Date="20170531" Time="134331">CalculateField NSW_Singlebeam_Coverage_EDITED_for_AODN Location "Cronulla Wanda Beach (Dredging)" VB #</Process><Process ToolSource="c:\program files (x86)\arcgis\desktop10.4\ArcToolbox\Toolboxes\Data Management Tools.tbx\CalculateField" Date="20170531" Time="134343">CalculateField NSW_Singlebeam_Coverage_EDITED_for_AODN SDate 19990521 VB #</Process><Process ToolSource="c:\program files (x86)\arcgis\desktop10.4\ArcToolbox\Toolboxes\Data Management Tools.tbx\CalculateField" Date="20170531" Time="134412">CalculateField NSW_Singlebeam_Coverage_EDITED_for_AODN Source "NSWOEH_19990521_CronullaWandaBeachDredging_STAX" VB #</Process><Process ToolSource="c:\program files (x86)\arcgis\desktop10.4\ArcToolbox\Toolboxes\Data Management Tools.tbx\CalculateField" Date="20170531" Time="140754">CalculateField NSW_Singlebeam_Coverage_EDITED_for_AODN Source "NSWOEH_19991011_PalmBeachBarrenjoey_STAX" VB #</Process><Process ToolSource="c:\program files (x86)\arcgis\desktop10.4\ArcToolbox\Toolboxes\Data Management Tools.tbx\CalculateField" Date="20170531" Time="140814">CalculateField NSW_Singlebeam_Coverage_EDITED_for_AODN SDate 19991011 VB #</Process><Process ToolSource="c:\program files (x86)\arcgis\desktop10.4\ArcToolbox\Toolboxes\Data Management Tools.tbx\CalculateField" Date="20170531" Time="141216">CalculateField NSW_Singlebeam_Coverage_EDITED_for_AODN Source "NSWOEH_20000622_StocktonBeach_STAX" VB #</Process><Process ToolSource="c:\program files (x86)\arcgis\desktop10.4\ArcToolbox\Toolboxes\Data Management Tools.tbx\CalculateField" Date="20170531" Time="141246">CalculateField NSW_Singlebeam_Coverage_EDITED_for_AODN SDate 20000622 VB #</Process><Process ToolSource="c:\program files (x86)\arcgis\desktop10.4\ArcToolbox\Toolboxes\Data Management Tools.tbx\CalculateField" Date="20170531" Time="142309">CalculateField NSW_Singlebeam_Coverage_EDITED_for_AODN Source "NSWOEH_20021029_CronullaWandaBeachOffshore_STAX" VB #</Process><Process ToolSource="c:\program files (x86)\arcgis\desktop10.4\ArcToolbox\Toolboxes\Data Management Tools.tbx\CalculateField" Date="20170531" Time="142340">CalculateField NSW_Singlebeam_Coverage_EDITED_for_AODN Location "Cronulla Wanda Beach Offshore" VB #</Process><Process ToolSource="c:\program files (x86)\arcgis\desktop10.4\ArcToolbox\Toolboxes\Data Management Tools.tbx\CalculateField" Date="20170531" Time="142345">CalculateField NSW_Singlebeam_Coverage_EDITED_for_AODN SDate 20021029 VB #</Process><Process ToolSource="c:\program files (x86)\arcgis\desktop10.4\ArcToolbox\Toolboxes\Data Management Tools.tbx\CalculateField" Date="20170531" Time="143122">CalculateField NSW_Singlebeam_Coverage_EDITED_for_AODN Source "NSWOEH_20030826_CronullaWandaBeach_STAX" VB #</Process><Process ToolSource="c:\program files (x86)\arcgis\desktop10.4\ArcToolbox\Toolboxes\Data Management Tools.tbx\CalculateField" Date="20170531" Time="143202">CalculateField NSW_Singlebeam_Coverage_EDITED_for_AODN SDate 20030826 VB #</Process><Process ToolSource="c:\program files (x86)\arcgis\desktop10.4\ArcToolbox\Toolboxes\Data Management Tools.tbx\CalculateField" Date="20170531" Time="143921">CalculateField NSW_Singlebeam_Coverage_EDITED_for_AODN Source "NSWOEH_20030807_ByronBayOffshore_STAX" VB #</Process><Process ToolSource="c:\program files (x86)\arcgis\desktop10.4\ArcToolbox\Toolboxes\Data Management Tools.tbx\CalculateField" Date="20170531" Time="143932">CalculateField NSW_Singlebeam_Coverage_EDITED_for_AODN SDate 20030807 VB #</Process><Process ToolSource="c:\program files (x86)\arcgis\desktop10.4\ArcToolbox\Toolboxes\Data Management Tools.tbx\CalculateField" Date="20170531" Time="144253">CalculateField NSW_Singlebeam_Coverage_EDITED_for_AODN Source "NSWOEH_20070625_NobbysBeachNewcastle_STAX" VB #</Process><Process ToolSource="c:\program files (x86)\arcgis\desktop10.4\ArcToolbox\Toolboxes\Data Management Tools.tbx\CalculateField" Date="20170531" Time="144303">CalculateField NSW_Singlebeam_Coverage_EDITED_for_AODN SDate 20070625 VB #</Process><Process ToolSource="c:\program files (x86)\arcgis\desktop10.4\ArcToolbox\Toolboxes\Data Management Tools.tbx\CalculateField" Date="20170531" Time="145218">CalculateField NSW_Singlebeam_Coverage_EDITED_for_AODN Source "NSWOEH_20071020_WooliOffshoreSolitaryIsld_STAX" VB #</Process><Process ToolSource="c:\program files (x86)\arcgis\desktop10.4\ArcToolbox\Toolboxes\Data Management Tools.tbx\CalculateField" Date="20170531" Time="145234">CalculateField NSW_Singlebeam_Coverage_EDITED_for_AODN SDate 20071020 VB #</Process><Process ToolSource="c:\program files (x86)\arcgis\desktop10.4\ArcToolbox\Toolboxes\Data Management Tools.tbx\CalculateField" Date="20170531" Time="145652">CalculateField NSW_Singlebeam_Coverage_EDITED_for_AODN Source "NSWOEH_20071025_StocktonBeach_STAX" VB #</Process><Process ToolSource="c:\program files (x86)\arcgis\desktop10.4\ArcToolbox\Toolboxes\Data Management Tools.tbx\CalculateField" Date="20170531" Time="145710">CalculateField NSW_Singlebeam_Coverage_EDITED_for_AODN SDate 20071025 VB #</Process><Process ToolSource="c:\program files (x86)\arcgis\desktop10.4\ArcToolbox\Toolboxes\Data Management Tools.tbx\CalculateField" Date="20170531" Time="150054">CalculateField NSW_Singlebeam_Coverage_EDITED_for_AODN Source "NSWOEH_20080599_GoatIsFtDenisonNeilsenPk_STAX" VB #</Process><Process ToolSource="c:\program files (x86)\arcgis\desktop10.4\ArcToolbox\Toolboxes\Data Management Tools.tbx\CalculateField" Date="20170531" Time="150106">CalculateField NSW_Singlebeam_Coverage_EDITED_for_AODN SDate 20080599 VB #</Process><Process ToolSource="c:\program files (x86)\arcgis\desktop10.4\ArcToolbox\Toolboxes\Data Management Tools.tbx\CalculateField" Date="20170531" Time="150745">CalculateField NSW_Singlebeam_Coverage_EDITED_for_AODN Source "NSWOEH_20091101_OldBarOffshore_STAX" VB #</Process><Process ToolSource="c:\program files (x86)\arcgis\desktop10.4\ArcToolbox\Toolboxes\Data Management Tools.tbx\CalculateField" Date="20170531" Time="150803">CalculateField NSW_Singlebeam_Coverage_EDITED_for_AODN SDate 20091101 VB #</Process><Process ToolSource="c:\program files (x86)\arcgis\desktop10.4\ArcToolbox\Toolboxes\Data Management Tools.tbx\CalculateField" Date="20170531" Time="151754">CalculateField NSW_Singlebeam_Coverage_EDITED_for_AODN Source "NSWOEH_20110420_NarrabeenNBeaches_STAX" VB #</Process><Process ToolSource="c:\program files (x86)\arcgis\desktop10.4\ArcToolbox\Toolboxes\Data Management Tools.tbx\CalculateField" Date="20170531" Time="151827">CalculateField NSW_Singlebeam_Coverage_EDITED_for_AODN Location "Narrabeen, Sydneys Northern Beaches" VB #</Process><Process ToolSource="c:\program files (x86)\arcgis\desktop10.4\ArcToolbox\Toolboxes\Data Management Tools.tbx\CalculateField" Date="20170531" Time="151839">CalculateField NSW_Singlebeam_Coverage_EDITED_for_AODN SDate 20110420 VB #</Process><Process ToolSource="c:\program files (x86)\arcgis\desktop10.4\ArcToolbox\Toolboxes\Data Management Tools.tbx\CalculateField" Date="20170531" Time="152106">CalculateField NSW_Singlebeam_Coverage_EDITED_for_AODN Source "NSWOEH_20110624_ThirroulIllawarra_STAX" VB #</Process><Process ToolSource="c:\program files (x86)\arcgis\desktop10.4\ArcToolbox\Toolboxes\Data Management Tools.tbx\CalculateField" Date="20170531" Time="152124">CalculateField NSW_Singlebeam_Coverage_EDITED_for_AODN Location "Thirroul, Illawarra" VB #</Process><Process ToolSource="c:\program files (x86)\arcgis\desktop10.4\ArcToolbox\Toolboxes\Data Management Tools.tbx\CalculateField" Date="20170531" Time="152135">CalculateField NSW_Singlebeam_Coverage_EDITED_for_AODN SDate 20110624 VB #</Process><Process ToolSource="c:\program files (x86)\arcgis\desktop10.4\ArcToolbox\Toolboxes\Data Management Tools.tbx\CalculateField" Date="20170531" Time="152407">CalculateField NSW_Singlebeam_Coverage_EDITED_for_AODN Source "NSWOEH_20110701_CronullaWandaBateBay_STAX" VB #</Process><Process ToolSource="c:\program files (x86)\arcgis\desktop10.4\ArcToolbox\Toolboxes\Data Management Tools.tbx\CalculateField" Date="20170531" Time="152435">CalculateField NSW_Singlebeam_Coverage_EDITED_for_AODN Location "Cronulla &amp; Wanda Beaches, BateBay" VB #</Process><Process ToolSource="c:\program files (x86)\arcgis\desktop10.4\ArcToolbox\Toolboxes\Data Management Tools.tbx\CalculateField" Date="20170531" Time="152445">CalculateField NSW_Singlebeam_Coverage_EDITED_for_AODN SDate 20110701 VB #</Process><Process ToolSource="c:\program files (x86)\arcgis\desktop10.4\ArcToolbox\Toolboxes\Data Management Tools.tbx\CalculateField" Date="20170531" Time="154022">CalculateField NSW_Singlebeam_Coverage_EDITED_for_AODN Category "Estuarine" VB #</Process><Process ToolSource="c:\program files (x86)\arcgis\desktop10.4\ArcToolbox\Toolboxes\Data Management Tools.tbx\CalculateField" Date="20170531" Time="154047">CalculateField NSW_Singlebeam_Coverage_EDITED_for_AODN Source "NSWOEH_20111101_TweedRiver_STAX" VB #</Process><Process ToolSource="c:\program files (x86)\arcgis\desktop10.4\ArcToolbox\Toolboxes\Data Management Tools.tbx\CalculateField" Date="20170531" Time="154100">CalculateField NSW_Singlebeam_Coverage_EDITED_for_AODN SDate 20111101 VB #</Process><Process ToolSource="c:\program files (x86)\arcgis\desktop10.4\ArcToolbox\Toolboxes\Data Management Tools.tbx\CalculateField" Date="20170531" Time="154115">CalculateField NSW_Singlebeam_Coverage_EDITED_for_AODN Location "Tweed River" VB #</Process><Process ToolSource="c:\program files (x86)\arcgis\desktop10.4\ArcToolbox\Toolboxes\Data Management Tools.tbx\CalculateField" Date="20170531" Time="154419">CalculateField NSW_Singlebeam_Coverage_EDITED_for_AODN Source "NSWOEH_20120299_CronullaWandaBeachPreDredge_STAX" VB #</Process><Process ToolSource="c:\program files (x86)\arcgis\desktop10.4\ArcToolbox\Toolboxes\Data Management Tools.tbx\CalculateField" Date="20170531" Time="154442">CalculateField NSW_Singlebeam_Coverage_EDITED_for_AODN Location "Cronulla, WandaBeach, PreDredge" VB #</Process><Process ToolSource="c:\program files (x86)\arcgis\desktop10.4\ArcToolbox\Toolboxes\Data Management Tools.tbx\CalculateField" Date="20170531" Time="154721">CalculateField NSW_Singlebeam_Coverage_EDITED_for_AODN SDate 20120201 VB #</Process><Process ToolSource="c:\program files (x86)\arcgis\desktop10.4\ArcToolbox\Toolboxes\Data Management Tools.tbx\CalculateField" Date="20170531" Time="154749">CalculateField NSW_Singlebeam_Coverage_EDITED_for_AODN Source "NSWOEH_20120201_CronullaWandaBeachPreDredge_STAX" VB #</Process><Process ToolSource="c:\program files (x86)\arcgis\desktop10.4\ArcToolbox\Toolboxes\Data Management Tools.tbx\CalculateField" Date="20170531" Time="155439">CalculateField NSW_Singlebeam_Coverage_EDITED_for_AODN Source "NSWOEH_20120329_CronullaWandaBeachMerriesReef_STAX" VB #</Process><Process ToolSource="c:\program files (x86)\arcgis\desktop10.4\ArcToolbox\Toolboxes\Data Management Tools.tbx\CalculateField" Date="20170531" Time="155458">CalculateField NSW_Singlebeam_Coverage_EDITED_for_AODN SDate 20120329 VB #</Process><Process ToolSource="c:\program files (x86)\arcgis\desktop10.4\ArcToolbox\Toolboxes\Data Management Tools.tbx\CalculateField" Date="20170531" Time="160304">CalculateField NSW_Singlebeam_Coverage_EDITED_for_AODN Source "NSWOEH_20121207_ManlyBeachSydney_STAX" VB #</Process><Process ToolSource="c:\program files (x86)\arcgis\desktop10.4\ArcToolbox\Toolboxes\Data Management Tools.tbx\CalculateField" Date="20170531" Time="160316">CalculateField NSW_Singlebeam_Coverage_EDITED_for_AODN SDate 20121207 VB #</Process><Process ToolSource="c:\program files (x86)\arcgis\desktop10.4\ArcToolbox\Toolboxes\Data Management Tools.tbx\CalculateField" Date="20170531" Time="160627">CalculateField NSW_Singlebeam_Coverage_EDITED_for_AODN Source "NSWOEH_20121207_NarrabeenNBeaches_STAX" VB #</Process><Process ToolSource="c:\program files (x86)\arcgis\desktop10.4\ArcToolbox\Toolboxes\Data Management Tools.tbx\CalculateField" Date="20170531" Time="160645">CalculateField NSW_Singlebeam_Coverage_EDITED_for_AODN SDate 20121207 VB #</Process><Process ToolSource="c:\program files (x86)\arcgis\desktop10.4\ArcToolbox\Toolboxes\Data Management Tools.tbx\CalculateField" Date="20170531" Time="160716">CalculateField NSW_Singlebeam_Coverage_EDITED_for_AODN Location "Narrabeen, Sydneys Northern Beaches" VB #</Process><Process ToolSource="c:\program files (x86)\arcgis\desktop10.4\ArcToolbox\Toolboxes\Data Management Tools.tbx\CalculateField" Date="20170531" Time="160910">CalculateField NSW_Singlebeam_Coverage_EDITED_for_AODN Source "NSWOEH_20121219_ShoalhavenHeads_STAX" VB #</Process><Process ToolSource="c:\program files (x86)\arcgis\desktop10.4\ArcToolbox\Toolboxes\Data Management Tools.tbx\CalculateField" Date="20170531" Time="160923">CalculateField NSW_Singlebeam_Coverage_EDITED_for_AODN SDate 20121219 VB #</Process><Process ToolSource="c:\program files (x86)\arcgis\desktop10.4\ArcToolbox\Toolboxes\Data Management Tools.tbx\CalculateField" Date="20170601" Time="110059">CalculateField NSW_Singlebeam_Coverage_EDITED_for_AODN Source "NSWOEH_20130409_LakeMummugaDalmeny_STAX" VB #</Process><Process ToolSource="c:\program files (x86)\arcgis\desktop10.4\ArcToolbox\Toolboxes\Data Management Tools.tbx\CalculateField" Date="20170601" Time="110113">CalculateField NSW_Singlebeam_Coverage_EDITED_for_AODN SDate 20130409 VB #</Process><Process ToolSource="c:\program files (x86)\arcgis\desktop10.4\ArcToolbox\Toolboxes\Data Management Tools.tbx\CalculateField" Date="20170629" Time="144743">CalculateField NSW_Singlebeam_Coverage_EDITED_for_AODN test [Source] VB #</Process><Process ToolSource="c:\program files (x86)\arcgis\desktop10.4\ArcToolbox\Toolboxes\Data Management Tools.tbx\CalculateField" Date="20170629" Time="144853">CalculateField NSW_Singlebeam_Coverage_EDITED_for_AODN source [test] VB #</Process></lineage></DataProperties></Esri></metadata>
