<?xml version="1.0" encoding="UTF-8"?>
<metadata xml:lang="en"><Esri><CreaDate>20161121</CreaDate><CreaTime>13210400</CreaTime><ArcGISFormat>1.0</ArcGISFormat><SyncOnce>TRUE</SyncOnce><DataProperties><lineage><Process ToolSource="c:\program files (x86)\arcgis\desktop10.4\ArcToolbox\Toolboxes\Data Management Tools.tbx\CalculateField" Date="20161108" Time="113740">CalculateField NSW_Multibeam_Coverage_AODNatts_07112016_REORDER1 AreaInfo [Name] VB #</Process><Process ToolSource="c:\program files (x86)\arcgis\desktop10.4\ArcToolbox\Toolboxes\Data Management Tools.tbx\CalculateField" Date="20161108" Time="121032">CalculateField NSW_Multibeam_Coverage_AODNatts_07112016_REORDER1 Z_ACC "[Z_APP] " VB #</Process><Process ToolSource="c:\program files (x86)\arcgis\desktop10.4\ArcToolbox\Toolboxes\Data Management Tools.tbx\CalculateField" Date="20161108" Time="121228">CalculateField NSW_Multibeam_Coverage_AODNatts_07112016_REORDER1 Process [PROGS] VB #</Process><Process ToolSource="c:\program files (x86)\arcgis\desktop10.4\ArcToolbox\Toolboxes\Data Management Tools.tbx\CalculateField" Date="20161108" Time="121508">CalculateField NSW_Multibeam_Coverage_AODNatts_07112016_REORDER1 Comment "[Comments]&amp;"- "&amp;[Bsc_merged]&amp;"- "&amp; [Bty_merged]" VB #</Process><Process ToolSource="c:\program files (x86)\arcgis\desktop10.4\ArcToolbox\Toolboxes\Data Management Tools.tbx\CalculateField" Date="20161108" Time="121535">CalculateField NSW_Multibeam_Coverage_AODNatts_07112016_REORDER1 Comment "[Comments]&amp;"  "&amp;[Bsc_merged]&amp;"  "&amp; [Bty_merged]" VB #</Process><Process ToolSource="c:\program files (x86)\arcgis\desktop10.4\ArcToolbox\Toolboxes\Data Management Tools.tbx\CalculateField" Date="20161108" Time="130720">CalculateField NSW_Multibeam_Coverage_AODNatts_07112016_REORDER1 DATE 15 VB #</Process><Process ToolSource="c:\program files (x86)\arcgis\desktop10.4\ArcToolbox\Toolboxes\Data Management Tools.tbx\CalculateField" Date="20161114" Time="141542">CalculateField NSW_Multibeam_Coverage_AODNatts_07112016_REORDER1 XYZ_File "20150302_HawkesNestPortStephens_MB_NSWOEH_BTYGRD002GSS_W84Z56AHD_FLD744_20150316_FV02.xyz" VB #</Process><Process ToolSource="c:\program files (x86)\arcgis\desktop10.4\ArcToolbox\Toolboxes\Data Management Tools.tbx\CalculateField" Date="20161114" Time="141818">CalculateField NSW_Multibeam_Coverage_AODNatts_07112016_REORDER1 XYZ_File "20150302_HawkesNestPortStephens_MB_NSWOEH_BTYGRD002GSS_W84Z56AHD_FLD744_20150316_FV02.xyz" VB #</Process><Process ToolSource="c:\program files (x86)\arcgis\desktop10.4\ArcToolbox\Toolboxes\Data Management Tools.tbx\CalculateField" Date="20161114" Time="141842">CalculateField NSW_Multibeam_Coverage_AODNatts_07112016_REORDER1 XYZ_File "" VB #</Process><Process ToolSource="c:\program files (x86)\arcgis\desktop10.4\ArcToolbox\Toolboxes\Data Management Tools.tbx\CalculateField" Date="20161114" Time="142116">CalculateField NSW_Multibeam_Coverage_AODNatts_07112016_REORDER1 XYZ_File "20150303_PortMacquarieArtificialReef_MB_NSWOEH_BTYGRD002GSS_W84Z56AHD_FLD744_20150605_FV02.xyz" VB #</Process><Process ToolSource="c:\program files (x86)\arcgis\desktop10.4\ArcToolbox\Toolboxes\Data Management Tools.tbx\CalculateField" Date="20161114" Time="142303">CalculateField NSW_Multibeam_Coverage_AODNatts_07112016_REORDER1 XYZ_File "20150615_BoudiiBoudiiHawkesbury_MB_NSWOEH_BTYGRD002GSS_W84Z56AHD_FLD744_20160510_FV02.xyz" VB #</Process><Process ToolSource="c:\program files (x86)\arcgis\desktop10.4\ArcToolbox\Toolboxes\Data Management Tools.tbx\CalculateField" Date="20161114" Time="142429">CalculateField NSW_Multibeam_Coverage_AODNatts_07112016_REORDER1 XYZ_File "20151014_ScarboroughWolllongong_MB_NSWOEH_BTYGRD002GSS_W84Z56AHD_FLD744_20151111_FV02.xyz" VB #</Process><Process ToolSource="c:\program files (x86)\arcgis\desktop10.4\ArcToolbox\Toolboxes\Data Management Tools.tbx\CalculateField" Date="20161114" Time="142529">CalculateField NSW_Multibeam_Coverage_AODNatts_07112016_REORDER1 XYZ_File "20151029_PortHackingBateBay_MB_NSWOEH_BTYGRD002GSS_W84Z56AHD_FLD744_20151221_FV02.xyz" VB #</Process><Process ToolSource="c:\program files (x86)\arcgis\desktop10.4\ArcToolbox\Toolboxes\Data Management Tools.tbx\CalculateField" Date="20161114" Time="151608">CalculateField NSW_Multibeam_Coverage_AODNatts_07112016_REORDER1 XYA_File [XYZ_File] VB #</Process></lineage><itemProps><itemLocation><linkage Sync="TRUE">file://\\EDWINA-DELL\C$\Ed\OEH\AODN\adjusting\NSWOEH_20151029_PortHackingBateBay_MB\NSWOEH_20151029_PortHackingBateBay_MB_SHP</linkage><protocol Sync="TRUE">Local Area Network</protocol></itemLocation></itemProps><copyHistory><copy source="C:\Ed\OEH\AODN\adjusting\Extracted_CovSHPS\NSWOEH_20151029_PortHackingBateBay_MB_SHP" dest="\\EDWINA-DELL\C$\Ed\OEH\AODN\adjusting\NSWOEH_20151029_PortHackingBateBay_MB\NSWOEH_20151029_PortHackingBateBay_MB_SHP" date="20161121" time="13210400"></copy></copyHistory></DataProperties></Esri></metadata>
